ADRES,NAZWA,TYP,ROZMIAR,LICZBA,FORMULA,FORMULA1,OPIS,OPIS1,SLOWNIK,REGWYM,WYMOG,UWAGI,POLECENIE,POLECENIE1,WYST,DT_DOD
FA_3\,.,,,,,,Faktura ustrukturyzowana,,,,,,,,,2024.11.25 08:05:00
FA_3\,xmlns,Z,200,,"""http://crd.gov.pl/wzor/2025/06/25/13775/""",,,,,,W,,,,,2024.11.25 08:05:00
FA_3\,xmlns:xsd,Z,200,,"""http://www.w3.org/2001/XMLSchema""",,,,,,,,,,,2024.11.25 08:05:00
FA_3\,xmlns:xsi,Z,200,,"""http://www.w3.org/2001/XMLSchema-instance""",,,,,,,,,,,2024.11.25 08:05:00
FA_3\1.Naglowek\,.,,0,1.99,"iif(pozycja<=liczba,RV->(dbgoto(rekordy[pozycja])).and.KD->(dbseek(RV->NR_DOK)) .and.RVP->(dbseek(RV->NR_DOK)).and.KTLG->(dbseek(RVP->KOD_TU)),.F.)",,,,,,W,,,,,2024.11.25 08:05:00
FA_3\1.Naglowek\1.KodFormularza\,.,Z,6,,"""FA""",,Symbol wzoru formularza,,,,W,,,,,2024.11.25 08:05:00
FA_3\1.Naglowek\1.KodFormularza\,kodSystemowy,Z,10,,"""FA (3)""",,,,,,W,,,,,2024.11.25 08:05:00
FA_3\1.Naglowek\1.KodFormularza\,wersjaSchemy,Z,3,,"""1-0E""",,,,,,W,,,,,2024.11.25 08:05:00
FA_3\1.Naglowek\2.WariantFormularza\,.,Z,1,,"""3""",,Pole zawiera oznaczenie schematu. Obecnie jest to warto˜†: 3. Jest to trzeci wariant schemy - FA(3).,,,,W,,,,,2024.11.25 08:05:00
FA_3\1.Naglowek\3.DataWytworzeniaFa\,.,Z,19,,"strtran(dtoc(today()),'.','-')+'T'+time()",,Data i czas wytworzenia faktury,,,,O,,,,,2024.11.25 08:05:00
FA_3\1.Naglowek\4.SystemInfo\,.,Z,10,,"""VATowiec: "" + RV->NR_DOK",,"Nazwa systemu teleinformatycznego, z kt¢rego korzysta podatnik",,,,,,,,,2024.11.25 08:05:00
FA_3\2.Podmiot1\,.,,0,1,"iif(RV->ZRV='S',DK->(dbseek('0000')),DK->(dbseek(RV->DST_KLI)))",,"Zawiera informacje, kt¢re charakteryzuj¥ podatnika (sprzedawc©).",,,,,,,,,2024.11.25 08:05:00
FA_3\2.Podmiot1\1.PrefiksPodatnika\,.,,,,.F.,,"Kod (prefiks) podatnika VAT UE dla przypadk¢w okre˜lonych w art. 97 ust. 10 pkt 2 i 3 ustawy oraz w przypadku, o kt¢rym mowa w art. 136 ust. 1 pkt 3 ustawy [pole opcjonalne] Nale¾y poda† literowy kod kraju ""PL"" podatnika w przypadku wystawienia faktury ","dokumentuj¥cej: - wewn¥trzwsp¢lnotow¥ dostaw© towar¢w, - ˜wiadczenie usˆug, do kt¢rych stosuje si© art. 100 ust. 1 pkt 4 ustawy, dla podatnik¢w podatku od warto˜ci dodanej lub os¢b prawnych nieb©d¥cych takimi podatnikami, zidentyfikowanych na potrzeby podatku od warto˜ci dodanej, - dostaw© realizowan¥ w ramach transakcji tr¢jstronnej uproszczonej, przez drugiego w kolejno˜ci podatnika, o kt¢rym mowa w art. 135 ust. 1 pkt 4 lit. b i c ustawy.",,,,,,,,2024.11.25 08:05:00
FA_3\2.Podmiot1\2.NrEORI\,.,,,,.F.,,Numer EORI podatnika [pole fakultatywne] Numer EORI jest to numer w Unijnym Systemie Rejestracji i Identyfikacji Podmiot¢w Gospodarczych.,,,,,,,,,2024.11.25 08:05:00
FA_3\2.Podmiot1\3.DaneIdentyfikacyjne\,.,,,,,,"Element zawieraj¥cy dane identyfikuj¥ce podatnika (sprzedawc©): jego NIP oraz imi©, nazwisko lub nazw©",,,,,,,,,2024.11.25 08:05:00
FA_3\2.Podmiot1\3.DaneIdentyfikacyjne\1.NIP\,.,Z,10,,trim(DK->NIPBK),,"Identyfikator podatkowy NIP podatnika Podaje si© numer, za pomoc¥ kt¢rego sprzedawca jest zidentyfikowany na potrzeby podatku (bez literowego kodu kraju).",,,,W,,,,,2024.11.25 08:05:00
FA_3\2.Podmiot1\3.DaneIdentyfikacyjne\2.Nazwa\,.,Z,0,,"trim(DK->NAZWA)+"" ""+trim(DK->NAZWA_CD)",,Imi© i nazwisko lub nazwa podatnika Maksymalna ilo˜† znak¢w: 512 Uwaga! W polu Nazwa mo¾na r¢wnie¾ wskaza† nazw© handlow¥ podatnika.,,,,W,,,,,2024.11.25 08:05:00
FA_3\2.Podmiot1\4.Adres\,.,,,,,,Element zawieraj¥cy dane dotycz¥ce adresu podatnika,,,,,,,,,2024.11.25 08:05:00
FA_3\2.Podmiot1\4.Adres\1.KodKraju\,.,Z,2,,trim(DK->KK),,Kod kraju,,,,W,,,,,2024.11.25 08:05:00
FA_3\2.Podmiot1\4.Adres\2.AdresL1\,.,Z,0,,"iif(!empty(trim(DK->MIASTO)+"" ""+trim(DK->KOD)+"" ""+trim(DK->ULICA)+"" ""+trim(DK->NR_DOM)), trim(DK->MIASTO)+"" ""+trim(DK->KOD)+"",""+trim(DK->ULICA)+"" ""+trim(DK->NR_DOM)+iif(!empty(DK->NR_LOK),'/'+trim(DK->NR_LOK),''),"""")",,"Adres podatnika - linia pierwsza Maksymalna ilo˜† znak¢w: 512 Przykˆad wypeˆnienia: ul. Bˆ©kitna 14, 11-111 Warszawa",,,,W,,,,,2024.11.25 08:05:00
FA_3\2.Podmiot1\4.Adres\3.AdresL2\,.,,,,.F.,,Adres podatnika - linia druga [pole fakultatywne] Maksymalna ilo˜† znak¢w: 512 Uwaga! Pole AdresL2 mo¾na wykorzysta† ,"np. w sytuacji, gdy adres podatnika nie mie˜ci si© w polu AdresL1 lub w celu zwi©kszenia czytelno˜ci danych (np. ulica i nr domu w polu AdresL1, a kod pocztowy i miejscowo˜† w AdresL2).",,,O,,,,,2024.11.25 08:05:00
FA_3\2.Podmiot1\4.Adres\4.GLN\,.,,,,.F.,,Globalny Numer Lokalizacyjny [pole fakultatywne] GLN jest to numer umo¾liwiaj¥cy m.in. zidentyfikowanie jednostek fizycznych lub funkcjonalnych w obr©bie firmy.,,,,O,,,,,2024.11.25 08:05:00
FA_3\2.Podmiot1\5.AdresKoresp\,.,,,,.F.,,Element zawieraj¥cy dane dotycz¥ce adresu korespondencyjnego podatnika [element fakultatywny],,,,,,,,,2024.11.25 08:05:00
FA_3\2.Podmiot1\5.AdresKoresp\1.KodKraju\,.,Z,2,,trim(DK->KK),,Kod kraju,,,,W,,,,,2024.11.25 08:05:00
FA_3\2.Podmiot1\5.AdresKoresp\2.AdresL1\,.,Z,0,,"iif(!empty(trim(DK->MIASTO)+"" ""+trim(DK->KOD)+"" ""+trim(DK->ULICA)+"" ""+trim(DK->NR_DOM)), trim(DK->MIASTO)+"" ""+trim(DK->KOD)+"",""+trim(DK->ULICA)+"" ""+trim(DK->NR_DOM)+iif(!empty(DK->NR_LOK),'/'+trim(DK->NR_LOK),''),"""")",,"Adres podatnika - linia pierwsza Maksymalna ilo˜† znak¢w: 512 Przykˆad wypeˆnienia: ul. Bˆ©kitna 14, 11-111 Warszawa",,,,W,,,,,2024.11.25 08:05:00
FA_3\2.Podmiot1\5.AdresKoresp\3.AdresL2\,.,,,,.F.,,Adres podatnika - linia druga [pole fakultatywne] Maksymalna ilo˜† znak¢w: 512 ,"Uwaga! Pole AdresL2 mo¾na wykorzysta† np. w sytuacji, gdy adres podatnika nie mie˜ci si© w polu AdresL1 lub w celu zwi©kszenia czytelno˜ci danych (np. ulica i nr domu w polu AdresL1, a kod pocztowy i miejscowo˜† w AdresL2).",,,O,,,,,2024.11.25 08:05:00
FA_3\2.Podmiot1\5.AdresKoresp\4.GLN\,.,,,,.F.,,Globalny Numer Lokalizacyjny [pole fakultatywne] GLN jest to numer umo¾liwiaj¥cy m.in. zidentyfikowanie jednostek fizycznych lub funkcjonalnych w obr©bie firmy.,,,,O,,,,,2024.11.25 08:05:00
FA_3\2.Podmiot1\6.DaneKontaktowe\,.,,0,,!empty(DK->E_MAIL) .or. !empty(DK->TEL),,Element zawieraj¥cy dane kontaktowe podatnika: adres e-mail oraz numer telefonu [element fakultatywny] Maksymalna ilo˜† wyst¥pieä: 3,,,,,,,,,2024.11.25 08:05:00
FA_3\2.Podmiot1\6.DaneKontaktowe\1.Email\,.,Z,0,,"iif(empty(DK->E_MAIL),.F.,trim(DK->E_MAIL))",,Adres e-mail podatnika (np. abc@xyz.pl) [pole fakultatywne],,,,,,,,,2024.11.25 08:05:00
FA_3\2.Podmiot1\6.DaneKontaktowe\2.Telefon\,.,Z,0,,"iif(empty(DK->TEL),.F.,trim(DK->TEL))",,Numer telefonu podatnika (np. 801055055) [pole fakultatywne],,,,,,,,,2024.11.25 08:05:00
FA_3\2.Podmiot1\7.StatusInfoPodatnika\,.,,,,.F.,,"Status podatnika [pole fakultatywne] 1,2,3,4: Podaje si©: - ""1"" - w przypadku podatnika znajduj¥cego si© w stanie likwidacji, - ""2"" - w przypadku podatnika, kt¢ry jest w trakcie post©powania restrukturyzacyjnego,","- ""3"" - w przypadku podatnika znajduj¥cego si© w stanie upadˆo˜ci, - ""4"" - w przypadku przedsi©biorstwa w spadku. Kwestia wypeˆnienia pola nale¾y do decyzji podatnika, niezale¾nie czy podatnik ten posiada jeden z wymienionych wy¾ej status¢w.",,,,,,,,2024.11.25 08:05:00
FA_3\3.Podmiot2\,.,,0,1,"iif(RV->ZRV='Z',DK->(dbseek('0000')),DK->(dbseek(RV->DST_KLI)))",,"Zawiera informacje, kt¢re charakteryzuj¥ nabywc© towaru lub usˆugi.",,,,,,,,,2024.11.25 08:05:00
FA_3\3.Podmiot2\02.NrEORI\,.,,,,.F.,,Numer EORI podatnika [pole fakultatywne] Numer EORI jest to numer w Unijnym Systemie Rejestracji i Identyfikacji Podmiot¢w Gospodarczych.,,,,,,,,,2024.11.25 08:05:00
FA_3\3.Podmiot2\03.DaneIdentyfikacyjne\,.,,,,,,"Element zawieraj¥cy dane identyfikuj¥ce podatnika (sprzedawc©): jego NIP oraz imi©, nazwisko lub nazw©",,,,,,,,,2024.11.25 08:05:00
FA_3\3.Podmiot2\03.DaneIdentyfikacyjne\1.NIP\,.,Z,10,,"iif(empty(DK->NIPBK),.F.,trim(DK->NIPBK))",,"Identyfikator podatkowy NIP nabywcy Numer, za pomoc¥ kt¢rego nabywca towar¢w lub usˆug jest zidentyfikowany na potrzeby podatku, pod kt¢rym otrzymaˆ on towary lub usˆugi",,,,W,,,,,2024.11.25 08:05:00
FA_3\3.Podmiot2\03.DaneIdentyfikacyjne\2.KodUE\,.,Z,0,,.F.,,"Kod (prefiks) nabywcy VAT UE, o kt¢rym mowa w art. 106e ust. 1 pkt 24 ustawy oraz w przypadku, o kt¢rym mowa w art. 136 ust. 1 pkt 4 ustawy Podaje si© literowy kod kraju w przypadku wystawienia faktury dokumentuj¥cej: -wewn¥trzwsp¢lnotow¥ dostaw© towar¢w,","- ˜wiadczenie usˆug, do kt¢rych stosuje si© art. 100 ust. 1 pkt 4 ustawy, dla podatnik¢w podatku od warto˜ci dodanej lub os¢b prawnych nieb©d¥cych takimi podatnikami, zidentyfikowanych na potrzeby podatku od warto˜ci dodanej. - dostaw© realizowan¥ w ramach transakcji tr¢jstronnej uproszczonej, przez drugiego w kolejno˜ci podatnika, o kt¢rym mowa w art. 135 ust. 1 pkt 4 lit. b i c ustawy.",,,,,,,,2024.11.25 08:05:00
FA_3\3.Podmiot2\03.DaneIdentyfikacyjne\3.NrVatUE\,.,Z,0,,.F.,,"Numer identyfikacyjny VAT nabywcy (bez literowego kodu kraju, kt¢ry wskazano w polu KodUE) w przypadku wystawienia faktury dokumentuj¥cej: - wewn¥trzwsp¢lnotow¥ dostaw© towar¢w, - ˜wiadczenie usˆug, do kt¢rych stosuje si© art. 100 ust. 1 pkt 4 ustawy, ","dla podatnik¢w podatku od warto˜ci dodanej lub os¢b prawnych nieb©d¥cych takimi podatnikami, zidentyfikowanych na potrzeby podatku od warto˜ci dodanej. W przypadku faktur wystawianych w procedurze uproszczonej przez drugiego w kolejno˜ci podatnika, o kt¢rym mowa w art. 135 ust. 1 pkt 4 lit. b i c oraz ust. 2 ustawy, wskazuje si© numer, o kt¢rym mowa w art. 136 ust. 1 pkt 4 ustawy (bez literowego kodu kraju). Uwaga! W polach NrVatUE oraz NrID nie nale¾y podawa† polskiego identyfikatora podatkowego NIP nabywcy, dla kt¢rego przeznaczone jest pole NIP. Faktura zostanie odpowiednio udost©pniona nabywcy wyˆ¥cznie gdy jego NIP wskazano w polu NIP, a nie w polach NrVatUE lub NrID.",,,,,,,,2024.11.25 08:05:00
FA_3\3.Podmiot2\03.DaneIdentyfikacyjne\4.KodKraju\,.,Z,0,,.F.,,Kod kraju nadania innego identyfikatora podatkowego [pole fakultatywne],,,,,,,,,2024.11.25 08:05:00
FA_3\3.Podmiot2\03.DaneIdentyfikacyjne\5.NrID\,.,Z,0,,.F.,,"Identyfikator podatkowy inny ni¾ NIP oraz NrVatUE Przykˆad: Podatnik polski ˜wiadczy usˆug© tˆumaczeniow¥ na rzecz podatnika maj¥cego siedzib© dziaˆalno˜ci gospodarczej w Szwajcarii. Nabywca posiada identyfikator podatkowy nadany na cele podatku o podobnym charakterze w kraju swojej siedziby. Identyfikator ten mo¾na wskaza† w strukturze FA(3), w polu NrID. Dodatkowo w polu KodKraju mo¾na wskaza† ""CH"" (tj. kod kraju - Szwajcaria). Przykˆad: Polski podatnik dokonuje sprzeda¾y na rzecz kontrahenta z innego kraju UE, kt¢ry posˆuguje si© indywidualnym numerem identyfikacyjnym zawieraj¥cym kod EX. W tej sytuacji nale¾y ten numer wskaza† w polu NrID, wraz z kodem EX. Natomiast w polu KodKraju mo¾na wskaza† dodatkowo kod kraju tego kontrahenta.",,,,,,,,,2024.11.25 08:05:00
FA_3\3.Podmiot2\03.DaneIdentyfikacyjne\6.BrakID\,.,Z,10,,"iif(empty(DK->NIPBK),""1"",.F.)",,"Podmiot nieposiadaj¥cy identyfikatora podatkowego lub podmiot, kt¢rego identyfikator nie wyst©puje na fakturze Podaje si© ""1""w przypadku, gdy nabywca nie posiada identyfikatora podatkowego lub gdy identyfikator podatkowy nabywcy nie wyst©puje na fakturze (np. w przypadku, gdy nabywc¥ jest osoba fizyczna nieprowadz¥ca dziaˆalno˜ci gospodarczej - konsument). W przypadku okre˜lonym w art. 106e ust. 5 pkt 2 ustawy faktura mo¾e nie zawiera† identyfikatora podatkowego nabywcy. W takiej sytuacji wskazuje si© ""1"" w polu BrakID.",,,,,,,,,2024.11.25 08:05:00
FA_3\3.Podmiot2\03.DaneIdentyfikacyjne\7.Nazwa\,.,Z,0,,"trim(DK->NAZWA)+"" ""+trim(DK->NAZWA_CD)",,"Imi© i nazwisko lub nazwa nabywcy Maksymalna ilo˜† znak¢w: 512 Uwaga! W polu Nazwa mo¾na r¢wnie¾ wskaza† nazw© handlow¥ nabywcy. Przykˆad wypeˆnienia: Jan Kowalski, Sklep spo¾ywczy XYZ",,,,W,,,,,2024.11.25 08:05:00
FA_3\3.Podmiot2\04.Adres\,.,,,,,,Element zawieraj¥cy dane dotycz¥ce adresu podatnika,,,,,,,,,2024.11.25 08:05:00
FA_3\3.Podmiot2\04.Adres\1.KodKraju\,.,Z,2,,trim(DK->KK),,Kod kraju,,,,W,,,,,2024.11.25 08:05:00
FA_3\3.Podmiot2\04.Adres\2.AdresL1\,.,Z,0,,"iif(!empty(trim(DK->MIASTO)+"" ""+trim(DK->KOD)+"" ""+trim(DK->ULICA)+"" ""+trim(DK->NR_DOM)), trim(DK->MIASTO)+"" ""+trim(DK->KOD)+"",""+trim(DK->ULICA)+"" ""+trim(DK->NR_DOM)+iif(!empty(DK->NR_LOK),'/'+trim(DK->NR_LOK),''),"""")",,"Adres podatnika - linia pierwsza Maksymalna ilo˜† znak¢w: 512 Przykˆad wypeˆnienia: ul. Bˆ©kitna 14, 11-111 Warszawa",,,,W,,,,,2024.11.25 08:05:00
FA_3\3.Podmiot2\04.Adres\3.AdresL2\,.,Z,0,,.F.,,"Adres podatnika - linia druga [pole fakultatywne] Maksymalna ilo˜† znak¢w: 512 Uwaga! Pole AdresL2 mo¾na wykorzysta† np. w sytuacji, gdy adres podatnika nie mie˜ci si© w polu AdresL1 lub w celu zwi©kszenia czytelno˜ci danych (np. ulica i nr domu w polu AdresL1, a kod pocztowy i miejscowo˜† w AdresL2).",,,,O,,,,,2024.11.25 08:05:00
FA_3\3.Podmiot2\04.Adres\4.GLN\,.,Z,0,,.F.,,Globalny Numer Lokalizacyjny [pole fakultatywne] GLN jest to numer umo¾liwiaj¥cy m.in. zidentyfikowanie jednostek fizycznych lub funkcjonalnych w obr©bie firmy.,,,,O,,,,,2024.11.25 08:05:00
FA_3\3.Podmiot2\05.AdresKoresp\,.,,,,.F.,,Element zawieraj¥cy dane dotycz¥ce adresu korespondencyjnego podatnika [element fakultatywny],,,,,,,,,2024.11.25 08:05:00
FA_3\3.Podmiot2\05.AdresKoresp\1.KodKraju\,.,Z,2,,trim(DK->KK),,Kod kraju,,,,W,,,,,2024.11.25 08:05:00
FA_3\3.Podmiot2\05.AdresKoresp\2.AdresL1\,.,Z,0,,"iif(!empty(trim(DK->MIASTO)+"" ""+trim(DK->KOD)+"" ""+trim(DK->ULICA)+"" ""+trim(DK->NR_DOM)), trim(DK->MIASTO)+"" ""+trim(DK->KOD)+"",""+trim(DK->ULICA)+"" ""+trim(DK->NR_DOM)+iif(!empty(DK->NR_LOK),'/'+trim(DK->NR_LOK),''),"""")",,"Adres podatnika - linia pierwsza Maksymalna ilo˜† znak¢w: 512 Przykˆad wypeˆnienia: ul. Bˆ©kitna 14, 11-111 Warszawa",,,,W,,,,,2024.11.25 08:05:00
FA_3\3.Podmiot2\05.AdresKoresp\3.AdresL2\,.,Z,0,,.F.,,"Adres podatnika - linia druga [pole fakultatywne] Maksymalna ilo˜† znak¢w: 512 Uwaga! Pole AdresL2 mo¾na wykorzysta† np. w sytuacji, gdy adres podatnika nie mie˜ci si© w polu AdresL1 lub w celu zwi©kszenia czytelno˜ci danych (np. ulica i nr domu w polu AdresL1, a kod pocztowy i miejscowo˜† w AdresL2).",,,,O,,,,,2024.11.25 08:05:00
FA_3\3.Podmiot2\05.AdresKoresp\4.GLN\,.,Z,0,,.F.,,Globalny Numer Lokalizacyjny [pole fakultatywne] GLN jest to numer umo¾liwiaj¥cy m.in. zidentyfikowanie jednostek fizycznych lub funkcjonalnych w obr©bie firmy.,,,,O,,,,,2024.11.25 08:05:00
FA_3\3.Podmiot2\06.DaneKontaktowe\,.,,0,,!empty(DK->E_MAIL) .or. !empty(DK->TEL),,Element zawieraj¥cy dane kontaktowe podatnika: adres e-mail oraz numer telefonu [element fakultatywny] Maksymalna ilo˜† wyst¥pieä: 3,,,,,,,,,2024.11.25 08:05:00
FA_3\3.Podmiot2\06.DaneKontaktowe\1.Email\,.,Z,0,,"iif(empty(DK->E_MAIL),.F.,trim(DK->E_MAIL))",,Adres e-mail podatnika (np. abc@xyz.pl) [pole fakultatywne],,,,,,,,,2024.11.25 08:05:00
FA_3\3.Podmiot2\06.DaneKontaktowe\2.Telefon\,.,Z,0,,"iif(empty(DK->TEL),.F.,trim(DK->TEL))",,Numer telefonu podatnika (np. 801055055) [pole fakultatywne],,,,,,,,,2024.11.25 08:05:00
FA_3\3.Podmiot2\07.NrKlienta\,.,Z,0,,.F.,,"Numer klienta dla przypadk¢w, w kt¢rych nabywca posˆuguje si© nim w umowie lub zam¢wieniu [pole fakultatywne]",,,,,,,,,2024.11.25 08:05:00
FA_3\3.Podmiot2\08.IDNabywcy\,.,Z,0,,.F.,,"Unikalny klucz powi¥zania danych nabywcy na fakturach koryguj¥cych, w przypadku gdy dane nabywcy na fakturze koryguj¥cej zmieniˆy si© w stosunku do danych na fakturze korygowanej [pole fakultatywne] Maksymalna ilo˜† znak¢w: 32 Uwaga! Praktyczne zastosowanie pola IDNabywcy zostaˆo przedstawione w przykˆadzie nr 15.",,,,,,,,,2024.11.25 08:05:00
FA_3\3.Podmiot2\09.JST\,.,Z,1,,"""2""",,"Znacznik jednostki podrz©dnej JST Podaje si©: - ""1"" - w przypadku, gdy faktura dotyczy jednostki podrz©dnej JST, - ""2"" - w przypadku, gdy faktura nie dotyczy jednostki podrz©dnej JST. Uwaga! W przypadku wskazania ""1"" w polu JST nale¾y wypeˆni† sekcj© Podmiot3, aby faktur© w KSeF otrzymaˆa tak¾e jednostka podrz©dna JST. W szczeg¢lno˜ci nale¾y pami©ta† o podaniu jej numeru NIP lub IDWew oraz okre˜leniu roli w polu Rola jako ""8"" - JST - odbiorca.",,,,,,,,,2024.11.25 08:05:00
FA_3\3.Podmiot2\10.GV\,.,Z,1,,"""2""",,"Znacznik czˆonka GV Podaje si©: - ""1"" - w przypadku, gdy faktura dotyczy czˆonka GV, - ""2"" - w przypadku, gdy faktura nie dotyczy czˆonka GV. Uwaga! W przypadku wskazania ""1"" w polu GV nale¾y wypeˆni† sekcj© Podmiot3, aby faktur© w KSeF otrzymaˆ tak¾e czˆonek GV. W szczeg¢lno˜ci nale¾y pami©ta† o podaniu jego numeru NIP lub IDWew oraz okre˜leniu roli w polu Rola jako ""10"" - czˆonek GV - odbiorca.",,,,,,,,,2024.11.25 08:05:00
FA_3\4.Podmiot3\,.,,,,.F.,,"Zawiera dane podmiotu/-¢w trzeciego/-ich (innego/-ych ni¾ sprzedawca (Podmiot1) i nabywca wymieniony w cz©˜ci Podmiot2), zwi¥zanego/-ych z faktur¥ [element fakultatywny]. Maksymalna ilo˜† wyst¥pieä: 100",,,,O,,,,,2024.11.25 08:05:00
FA_3\5.PodmiotUpowazniony\,.,,,,.F.,,"Zawiera informacje, kt¢re charakteryzuj¥ podmiot upowa¾niony zwi¥zany z faktur¥ [element opcjonalny].",,,,O,,,,,2024.11.25 08:05:00
FA_3\6.Fa\,.,,,,,,"Zawiera szczeg¢ˆowe informacje dotycz¥ce transakcji dokumentowanej faktur¥. W szczeg¢lno˜ci s¥ to elementy faktury wynikaj¥ce z tre˜ci obowi¥zuj¥cych przepis¢w, jak r¢wnie¾ elementy dotycz¥ce m.in. rozliczenia, pˆatno˜ci oraz warunk¢w transakcji.",,,,W,,,,,2024.11.25 08:05:00
FA_3\6.Fa\01.KodWaluty\,.,Z,3,,KD->WALUTA,,"Kod waluty (ISO 4217) Podaje si© kod waluty (ISO 4217). W przypadku faktury wystawianej w polskiej walucie nale¾y poda† kod waluty: ""PLN"".",,,,,,,,,2024.11.25 08:05:00
FA_3\6.Fa\01.P_1\,.,D,10,,KD->D_WYST,,"Data wystawienia faktury, z zastrze¾eniem art. 106na ust. 1 ustawy Podaje si© dat© wystawienia faktury, o kt¢rej mowa w art. 106e ust. 1 pkt 1 ustawy. Uwaga! Art. 106na ust. 1 ustawy stanowi, ¾e faktur© ustrukturyzowan¥ uznaje si© za wystawion¥ w dniu jej przesˆania do KSeF. Dotyczy to sytuacji gdy data wystawienia faktury ustrukturyzowanej (w trybie ""online"") wskazana przez podatnika w polu P_1 jest zgodna z dat¥ przesˆania faktury do KSeF.",,,,,,,,,2024.11.25 08:05:00
FA_3\6.Fa\02.P_1M\,.,Z,27,,"iif(empty(KD->MIEJSCE), .F., KD->MIEJSCE)",,Miejsce wystawienia faktury [pole fakultatywne],,,,O,,,,,2024.11.25 08:05:00
FA_3\6.Fa\02.P_2\,.,Z,30,,RV->NDK,,"Kolejny numer faktury, nadany w ramach jednej lub wi©cej serii, kt¢ry w spos¢b jednoznaczny identyfikuje faktur© Uwaga! Nie nale¾y uto¾samia† kolejnego numeru faktury, o kt¢rym mowa w polu P_2 z numerem identyfikuj¥cym faktur© w KSeF. S¥ to dwa r¢¾ne numery.",,,,,,,,,2024.11.25 08:05:00
FA_3\6.Fa\02.WZ\,.,,,,.F.,,Numer dokumentu magazynowego WZ (wydanie na zewn¥trz) zwi¥zanego z faktur¥ [pole fakultatywne] Maksymalna ilo˜† wyst¥pieä: 1000,,,,,,,,,2024.11.25 08:05:00
FA_3\6.Fa\03.P_6\,.,D,10,,"iif(!empty(ctod(RV->D_SP)),RV->D_SP,RV->DATA)",,"Data dokonania lub zakoäczenia dostawy towar¢w lub wykonania usˆugi lub data otrzymania zapˆaty, o kt¢rej mowa w art. 106b ust. 1 pkt 4 ustawy, o ile taka data jest okre˜lona i r¢¾ni si© od daty wystawienia faktury Uwaga! Pole wypeˆnia si© w przypadku, gdy dla wszystkich pozycji faktury data jest wsp¢lna. W przypadku, gdy dla poszczeg¢lnych pozycji wyst©puj¥ r¢¾ne daty sprzeda¾y - wypeˆnia si© pole P_6A.",,,,,,,,,2024.11.25 08:05:00
FA_3\6.Fa\04.OkresFa\,.,,,,.F.,,"Element zawieraj¥cy okres, kt¢rego dotyczy faktura - w przypadkach, o kt¢rych mowa w art. 19a ust. 3 zdanie pierwsze i ust. 4 oraz ust. 5 pkt 4 ustawy. Element skˆada si© z p¢l: P_6_Od oraz P_6_Do.",,,,,,,,,2024.11.25 08:05:00
FA_3\6.Fa\04.OkresFa\1.P_6_Od\,.,,,,.F.,,"Data pocz¥tkowa okresu, kt¢rego dotyczy faktura Podaje si© dat© w formacie RRRR-MM-DD (np.: 2026-02-01).",,,,,,,,,2024.11.25 08:05:00
FA_3\6.Fa\04.OkresFa\2.P_6_Do\,.,,,,.F.,,"Data koäcowa okresu, kt¢rego dotyczy faktura - data dokonania lub zakoäczenia dostawy towar¢w lub wykonania usˆugi Podaje si© dat© w formacie RRRR-MM-DD (np.: 2026-02-28).",,,,,,,,,2024.11.25 08:05:00
FA_3\6.Fa\05.P_13_1\,.,N,12.2,,"iif(RVN(RV->NR_DOK,'S','A','23')>0,RVN(RV->NR_DOK,'S','A','23'),.F.)",,"Suma warto˜ci sprzeda¾y netto obj©tej stawk¥ podstawow¥ - aktualnie 23% albo 22%. W przypadku faktur zaliczkowych - warto˜† zaliczki netto. W przypadku faktur koryguj¥cych - kwota r¢¾nicy, o kt¢rej mowa w art. 106j ust. 2 pkt 5 ustawy Sekwencj© zˆo¾on¥ z p¢l P_13_1, P_14_1 oraz P_14_1W wypeˆnia si© w przypadku wyst¥pienia na fakturze sprzeda¾y obj©tej stawk¥ podstawow¥ - aktualnie 23% albo 22%. Sekwencja nie dotyczy procedury mar¾y.",,,,,,,,,2024.11.25 08:05:00
FA_3\6.Fa\05.P_14_1\,.,N,12.2,,"iif(RVV(RV->NR_DOK,'S','A','23')>0,RVV(RV->NR_DOK,'S','A','23'),.F.)",,"Kwota podatku od sumy warto˜ci sprzeda¾y netto obj©tej stawk¥ podstawow¥ - aktualnie 23% albo 22%. W przypadku faktur zaliczkowych - kwota podatku wyliczona wedˆug wzoru, o kt¢rym mowa w art. 106f ust. 1 pkt 3 ustawy. W przypadku faktur koryguj¥cych - kwota r¢¾nicy, o kt¢rej mowa w art. 106j ust. 2 pkt 5 ustawy Sekwencj© zˆo¾on¥ z p¢l P_13_1, P_14_1 oraz P_14_1W wypeˆnia si© w przypadku wyst¥pienia na fakturze sprzeda¾y obj©tej stawk¥ podstawow¥ - aktualnie 23% albo 22%. Sekwencja nie dotyczy procedury mar¾y.",,,,,,,,,2024.11.25 08:05:00
FA_3\6.Fa\05.P_14_1W\,.,N,12.2,,"iif(KD->WALUTA==""PLN"",.F.,iif(RVV(RV->NR_DOK,'S','A','23')>0,RVV(RV->NR_DOK,'S','A','23'),.F.))",,"W przypadku, gdy faktura jest wystawiona w walucie obcej - kwota podatku od sumy warto˜ci sprzeda¾y netto obj©tej stawk¥ podstawow¥, przeliczona zgodnie z przepisami dziaˆu VI w zwi¥zku z art. 106e ust. 11 ustawy - aktualnie 23% albo 22%. W przypadku faktur zaliczkowych - kwota podatku wyliczona wedˆug wzoru, o kt¢rym mowa w art. 106f ust. 1 pkt 3 ustawy. W przypadku faktur koryguj¥cych - kwota r¢¾nicy, o kt¢rej mowa w art. 106j ust. 2 pkt 5 ustawy [pole opcjonalne] Sekwencj© zˆo¾on¥ z p¢l P_13_1, P_14_1 oraz P_14_1W wypeˆnia si© w przypadku wyst¥pienia na fakturze sprzeda¾y obj©tej stawk¥ podstawow¥ - aktualnie 23% albo 22%. Sekwencja nie dotyczy procedury mar¾y.",,,,,,,,,2024.11.25 08:05:00
FA_3\6.Fa\06.P_13_2\,.,N,12.2,,"iif(RVN(RV->NR_DOK,'S','A','8')>0,RVN(RV->NR_DOK,'S','A','8'),.F.)",,"Suma warto˜ci sprzeda¾y netto obj©tej stawk¥ obni¾on¥ pierwsz¥ - aktualnie 8% albo 7%. W przypadku faktur zaliczkowych - warto˜† zaliczki netto. W przypadku faktur koryguj¥cych - kwota r¢¾nicy, o kt¢rej mowa w art. 106j ust. 2 pkt 5 ustawy Sekwencj© zˆo¾on¥ z p¢l P_13_2, P_14_2 oraz P_14_2W wypeˆnia si© w przypadku wyst¥pienia na fakturze sprzeda¾y obj©tej stawk¥ obni¾on¥ pierwsz¥ - aktualnie 8% albo 7%. Sekwencja nie dotyczy procedury mar¾y.",,,,,,,,,2024.11.25 08:05:00
FA_3\6.Fa\06.P_14_2\,.,N,12.2,,"iif(RVV(RV->NR_DOK,'S','A','8')>0,RVV(RV->NR_DOK,'S','A','8'),.F.)",,"Kwota podatku od sumy warto˜ci sprzeda¾y netto obj©tej stawk¥ obni¾on¥ pierwsz¥ - aktualnie 8% albo 7%. W przypadku faktur zaliczkowych - kwota podatku wyliczona wedˆug wzoru, o kt¢rym mowa w art. 106f ust. 1 pkt 3 ustawy. W przypadku faktur koryguj¥cych - kwota r¢¾nicy, o kt¢rej mowa w art. 106j ust. 2 pkt 5 ustawy Sekwencj© zˆo¾on¥ z p¢l P_13_2, P_14_2 oraz P_14_2W wypeˆnia si© w przypadku wyst¥pienia na fakturze sprzeda¾y obj©tej stawk¥ obni¾on¥ pierwsz¥ - aktualnie 8% albo 7%. Sekwencja nie dotyczy procedury mar¾y.",,,,,,,,,2024.11.25 08:05:00
FA_3\6.Fa\06.P_14_2W\,.,N,12.2,,.F.,,"W przypadku, gdy faktura jest wystawiona w walucie obcej - kwota podatku od sumy warto˜ci sprzeda¾y netto obj©tej stawk¥ obni¾on¥ pierwsz¥, przeliczona zgodnie z przepisami dziaˆu VI w zwi¥zku z art. 106e ust. 11 ustawy - aktualnie 8% albo 7%. W przypadku faktur zaliczkowych - kwota podatku wyliczona wedˆug wzoru, o kt¢rym mowa w art. 106f ust. 1 pkt 3 ustawy. W przypadku faktur koryguj¥cych - kwota r¢¾nicy, o kt¢rej mowa w art. 106j ust. 2 pkt 5 ustawy [pole opcjonalne] Sekwencj© zˆo¾on¥ z p¢l P_13_2, P_14_2 oraz P_14_2W wypeˆnia si© w przypadku wyst¥pienia na fakturze sprzeda¾y obj©tej stawk¥ obni¾on¥ pierwsz¥ - aktualnie 8% albo 7%. Sekwencja nie dotyczy procedury mar¾y.",,,,,,,,,2024.11.25 08:05:00
FA_3\6.Fa\07.P_13_3\,.,N,12.2,,"iif(RVN(RV->NR_DOK,'S','A','5')>0,RVN(RV->NR_DOK,'S','A','5'),.F.)",,"Suma warto˜ci sprzeda¾y netto obj©tej stawk¥ obni¾on¥ drug¥ - aktualnie 5%. W przypadku faktur zaliczkowych - warto˜† zaliczki netto. W przypadku faktur koryguj¥cych - kwota r¢¾nicy, o kt¢rej mowa w art. 106j ust. 2 pkt 5 ustawy Sekwencj© zˆo¾on¥ z p¢l P_13_3, P_14_3 oraz P_14_3W wypeˆnia si© w przypadku wyst¥pienia na fakturze sprzeda¾y obj©tej stawk¥ obni¾on¥ drug¥ - aktualnie 5%. Sekwencja nie dotyczy procedury mar¾y.",,,,,,,,,2024.11.25 08:05:00
FA_3\6.Fa\07.P_14_3\,.,N,12.2,,"iif(RVV(RV->NR_DOK,'S','A','5')>0,RVV(RV->NR_DOK,'S','A','5'),.F.)",,"Kwota podatku od sumy warto˜ci sprzeda¾y netto obj©tej stawk¥ obni¾on¥ drug¥ - aktualnie 5%. W przypadku faktur zaliczkowych - kwota podatku wyliczona wedˆug wzoru, o kt¢rym mowa w art. 106f ust. 1 pkt 3 ustawy. W przypadku faktur koryguj¥cych - kwota r¢¾nicy, o kt¢rej mowa w art. 106j ust. 2 pkt 5 ustawy Sekwencj© zˆo¾on¥ z p¢l P_13_3, P_14_3 oraz P_14_3W wypeˆnia si© w przypadku wyst¥pienia na fakturze sprzeda¾y obj©tej stawk¥ obni¾on¥ drug¥ - aktualnie 5%. Sekwencja nie dotyczy procedury mar¾y.",,,,,,,,,2024.11.25 08:05:00
FA_3\6.Fa\07.P_14_3W\,.,N,12.2,,.F.,,"W przypadku, gdy faktura jest wystawiona w walucie obcej - kwota podatku od sumy warto˜ci sprzeda¾y netto obj©tej stawk¥ obni¾on¥ drug¥, przeliczona zgodnie z przepisami dziaˆu VI w zwi¥zku z art. 106e ust. 11 ustawy - aktualnie 5%. W przypadku faktur zaliczkowych - kwota podatku wyliczona wedˆug wzoru, o kt¢rym mowa w art. 106f ust. 1 pkt 3 ustawy. W przypadku faktur koryguj¥cych - kwota r¢¾nicy, o kt¢rej mowa w art. 106j ust. 2 pkt 5 ustawy [pole opcjonalne] Sekwencj© zˆo¾on¥ z p¢l P_13_3, P_14_3 oraz P_14_3W wypeˆnia si© w przypadku wyst¥pienia na fakturze sprzeda¾y obj©tej stawk¥ obni¾on¥ drug¥ - aktualnie 5%. Sekwencja nie dotyczy procedury mar¾y.",,,,,,,,,2024.11.25 08:05:00
FA_3\6.Fa\08.P_13_4\,.,N,12.2,,.F.,,"Suma warto˜ci sprzeda¾y netto obj©tej ryczaˆtem dla taks¢wek osobowych. W przypadku faktur zaliczkowych - warto˜† zaliczki netto. W przypadku faktur koryguj¥cych - kwota r¢¾nicy, o kt¢rej mowa w art. 106j ust. 2 pkt 5 ustawy Sekwencj© zˆo¾on¥ z p¢l P_13_4, P_14_4 oraz P_14_4W wypeˆnia si© w przypadku wyst¥pienia na fakturze sprzeda¾y obj©tej stawk¥ obni¾on¥ trzeci¥ - ryczaˆtem dla taks¢wek osobowych.",,,,,,,,,2024.11.25 08:05:00
FA_3\6.Fa\08.P_14_4\,.,N,12.2,,.F.,,"Kwota podatku od sumy warto˜ci sprzeda¾y netto w przypadku ryczaˆtu dla taks¢wek osobowych. W przypadku faktur zaliczkowych - kwota podatku wyliczona wedˆug wzoru, o kt¢rym mowa w art. 106f ust. 1 pkt 3 ustawy. W przypadku faktur koryguj¥cych - kwota r¢¾nicy, o kt¢rej mowa w art. 106j ust. 2 pkt 5 ustawy Sekwencj© zˆo¾on¥ z p¢l P_13_4, P_14_4 oraz P_14_4W wypeˆnia si© w przypadku wyst¥pienia na fakturze sprzeda¾y obj©tej stawk¥ obni¾on¥ trzeci¥ - ryczaˆtem dla taks¢wek osobowych.",,,,,,,,,2024.11.25 08:05:00
FA_3\6.Fa\08.P_14_4W\,.,N,12.2,,.F.,,"W przypadku, gdy faktura jest wystawiona w walucie obcej - wysoko˜† ryczaˆtu dla taks¢wek osobowych, przeliczona zgodnie z przepisami dziaˆu VI w zwi¥zku z art. 106e ust. 11 ustawy. W przypadku faktur zaliczkowych - kwota podatku wyliczona wedˆug wzoru, o kt¢rym mowa w art. 106f ust. 1 pkt 3 ustawy. W przypadku faktur koryguj¥cych - kwota r¢¾nicy, o kt¢rej mowa w art. 106j ust. 2 pkt 5 ustawy [pole opcjonalne] Sekwencj© zˆo¾on¥ z p¢l P_13_4, P_14_4 oraz P_14_4W wypeˆnia si© w przypadku wyst¥pienia na fakturze sprzeda¾y obj©tej stawk¥ obni¾on¥ trzeci¥ - ryczaˆtem dla taks¢wek osobowych.",,,,,,,,,2024.11.25 08:05:00
FA_3\6.Fa\09.P_13_5\,.,N,12.2,,.F.,,"Suma warto˜ci sprzeda¾y netto w przypadku procedury szczeg¢lnej, o kt¢rej mowa w dziale XII w rozdziale 6a ustawy. W przypadku faktur zaliczkowych - warto˜† zaliczki netto. W przypadku faktur koryguj¥cych - kwota r¢¾nicy, o kt¢rej mowa w art. 106j ust. 2 pkt 5 ustawy Sekwencj© zˆo¾on¥ z p¢l P_13_5 oraz P_14_5 wypeˆnia si© w przypadku wyst¥pienia na fakturze sprzeda¾y w procedurze szczeg¢lnej, o kt¢rej mowa w dziale XII w rozdziale 6a ustawy.",,,,,,,,,2024.11.25 08:05:00
FA_3\6.Fa\09.P_14_5\,.,N,12.2,,.F.,,"Kwota podatku od warto˜ci dodanej w przypadku procedury szczeg¢lnej, o kt¢rej mowa w dziale XII w rozdziale 6a ustawy. W przypadku faktur zaliczkowych - kwota podatku wyliczona wedˆug wzoru, o kt¢rym mowa w art. 106f ust. 1 pkt 3 ustawy. W przypadku faktur koryguj¥cych - kwota r¢¾nicy, o kt¢rej mowa w art. 106j ust. 2 pkt 5 ustawy [pole opcjonalne] Sekwencj© zˆo¾on¥ z p¢l P_13_5 oraz P_14_5 wypeˆnia si© w przypadku wyst¥pienia na fakturze sprzeda¾y w procedurze szczeg¢lnej, o kt¢rej mowa w dziale XII w rozdziale 6a ustawy.",,,,,,,,,2024.11.25 08:05:00
FA_3\6.Fa\10.P_13_6_1\,.,N,12.2,,"iif(RVN(RV->NR_DOK,'S','0')>0,RVN(RV->NR_DOK,'S','0'),.F.)",,"Suma warto˜ci sprzeda¾y obj©tej stawk¥ 0% z wyˆ¥czeniem wewn¥trzwsp¢lnotowej dostawy towar¢w i eksportu. W przypadku faktur zaliczkowych - warto˜† zaliczki. W przypadku faktur koryguj¥cych - kwota r¢¾nicy, o kt¢rej mowa w art. 106j ust. 2 pkt 5 ustawy [pole opcjonalne] Przykˆadowo w polu P_13_6_1 ujmuje si© m.in. sum© warto˜ci sprzeda¾y obj©tej stawk¥ 0% na podstawie art. 83 ust. 1 ustawy.",,,,,,,,,2024.11.25 08:05:00
FA_3\6.Fa\10.P_13_6_2\,.,N,12.2,,.F.,,"Suma warto˜ci sprzeda¾y obj©tej stawk¥ 0% w przypadku wewn¥trzwsp¢lnotowej dostawy towar¢w. W przypadku faktur koryguj¥cych - kwota r¢¾nicy, o kt¢rej mowa w art. 106j ust. 2 pkt 5 ustawy [pole opcjonalne]",,,,,,,,,2024.11.25 08:05:00
FA_3\6.Fa\10.P_13_6_3\,.,N,12.2,,.F.,,"Suma warto˜ci sprzeda¾y obj©tej stawk¥ 0% w przypadku eksportu. W przypadku faktur zaliczkowych - warto˜† zaliczki. W przypadku faktur koryguj¥cych - kwota r¢¾nicy, o kt¢rej mowa w art. 106j ust. 2 pkt 5 ustawy [pole opcjonalne]",,,,,,,,,2024.11.25 08:05:00
FA_3\6.Fa\10.P_13_7\,.,N,12.2,,"iif(RVN(RV->NR_DOK,'S','ZW')>0,RVN(RV->NR_DOK,'S','ZW'),.F.)",,Suma warto˜ci sprzeda¾y zwolnionej od podatku. W przypadku faktur zaliczkowych - warto˜† zaliczki. W przypadku faktur koryguj¥cych - kwota r¢¾nicy warto˜ci sprzeda¾y [pole opcjonalne],,,,,,,,,2024.11.25 08:05:00
FA_3\6.Fa\10.P_13_8\,.,N,12.2,,.F.,,"Suma warto˜ci sprzeda¾y w przypadku dostawy towar¢w oraz ˜wiadczenia usˆug poza terytorium kraju, z wyˆ¥czeniem kwot wykazanych w polach P_13_5 i P_13_9. W przypadku faktur zaliczkowych - warto˜† zaliczki. W przypadku faktur koryguj¥cych - kwota r¢¾nicy warto˜ci sprzeda¾y [pole opcjonalne] Przykˆad: W polu P_13_8 ujmuje si© m.in. sum© warto˜ci ˜wiadczenia usˆug poza terytorium kraju w przypadku, gdy miejsce opodatkowania ustala si© na podstawie art. 28e ustawy i transakcja nie podlega rozliczeniu w ramach procedury unijnej OSS.",,,,,,,,,2024.11.25 08:05:00
FA_3\6.Fa\10.P_13_9\,.,N,12.2,,.F.,,"Suma warto˜ci ˜wiadczenia usˆug, o kt¢rych mowa w art. 100 ust. 1 pkt 4 ustawy. W przypadku faktur zaliczkowych - warto˜† zaliczki. W przypadku faktur koryguj¥cych - kwota r¢¾nicy warto˜ci sprzeda¾y [pole opcjonalne]",,,,,,,,,2024.11.25 08:05:00
FA_3\6.Fa\11.P_13_10\,.,N,12.2,,.F.,,"Suma warto˜ci sprzeda¾y w procedurze odwrotnego obci¥¾enia, dla kt¢rej podatnikiem jest nabywca zgodnie z uchylonym art. 17 ust. 1 pkt 7 i 8 ustawy oraz innych przypadk¢w odwrotnego obci¥¾enia wyst©puj¥cych w obrocie krajowym. W przypadku faktur zaliczkowych - warto˜† zaliczki. W przypadku faktur koryguj¥cych - kwota r¢¾nicy, o kt¢rej mowa w art. 106j ust. 2 pkt 5 ustawy [pole opcjonalne] Przykˆad: W polu P_13_10 ujmuje si© m. in. sum© warto˜ci sprzeda¾y w procedurze odwrotnego obci¥¾enia wyst©puj¥cego w obrocie krajowym na podstawie przepisu epizodycznego - art. 145e ust. 1 ustawy.",,,,,,,,,2024.11.25 08:05:00
FA_3\6.Fa\11.P_13_11\,.,N,12.2,,.F.,,"Suma warto˜ci sprzeda¾y w procedurze mar¾y, o kt¢rej mowa w art. 119 i art. 120 ustawy. W przypadku faktur zaliczkowych - warto˜† zaliczki. W przypadku faktur koryguj¥cych - kwota r¢¾nicy warto˜ci sprzeda¾y [pole opcjonalne]",,,,,,,,,2024.11.25 08:05:00
FA_3\6.Fa\11.P_15\,.,N,12.2,,RV->NETTO+RV->VAT,,"Kwota nale¾no˜ci og¢ˆem. W przypadku faktur zaliczkowych - kwota zapˆaty dokumentowana faktur¥. W przypadku faktur, o kt¢rych mowa w art. 106f ust. 3 ustawy - kwota pozostaˆa do zapˆaty. W przypadku faktur koryguj¥cych - korekta kwoty wynikaj¥cej z faktury korygowanej. W przypadku, o kt¢rym mowa w art. 106j ust. 3 ustawy - korekta kwot wynikaj¥cych z faktur korygowanych ",,,,,,,,,2024.11.25 08:05:00
FA_3\6.Fa\12.KursWalutyZ\,.,N,12.2,,.F.,,"Kurs waluty stosowany do wyliczenia kwoty podatku w przypadkach, o kt¢rych mowa w dziale VI ustawy na fakturach, o kt¢rych mowa w art. 106b ust. 1 pkt 4 ustawy [pole fakultatywne]",,,,,,,,,2024.11.25 08:05:00
FA_3\6.Fa\13.Adnotacje\,.,,,,,,"Adnotacje na fakturze Element zawieraj¥cy adnotacje na fakturze wynikaj¥ce ze specyfiki danej transakcji (np. odwrotne obci¥¾enie, samofakturowanie, podstawa prawna zastosowanego zwolnienia itp.)",,,,,,,,,2024.11.25 08:05:00
FA_3\6.Fa\13.Adnotacje\1.P_16\,.,Z,1,,"iif(at(""kasowa"",lower(RV->PRZYR_NR))>0,""1"",""2"")",,"Adnotacja ""metoda kasowa"" W przypadku faktury zawieraj¥cej adnotacj© ""metoda kasowa"", dokumentuj¥cej dostaw© towar¢w lub ˜wiadczenie usˆug, w odniesieniu do kt¢rych obowi¥zek podatkowy powstaje zgodnie z art. 19a ust. 5 pkt 1 lub art. 21 ust. 1 ustawy - nale¾y poda† warto˜† ""1""; w przeciwnym przypadku - warto˜† ""2"".",,,,,,,,,2024.11.25 08:05:00
FA_3\6.Fa\13.Adnotacje\1.P_17\,.,Z,1,,"iif(at(""samofakturowanie"",lower(RV->PRZYR_NR))>0,""1"",""2"")",,"Adnotacja ""samofakturowanie"" W przypadku faktury, o kt¢rej mowa w art. 106d ust. 1 ustawy, zawieraj¥cej adnotacj© ""samofakturowanie"" - nale¾y poda† warto˜† ""1""; w przeciwnym przypadku - warto˜† ""2"". Uwaga! Procedura zatwierdzania poszczeg¢lnych faktur (wystawianych przez nabywc© w ramach samofakturowania) przez podatnika dokonuj¥cego czynno˜ci opodatkowanej, odbywa si© poza KSeF. Uwaga! W przypadku samofakturowania, tj. gdy faktur© wystawia nabywca, w elemencie Podmiot1 powinny znale«† si© dane sprzedawcy, a w elemencie Podmiot2 dane nabywcy. Nie nale¾y wypeˆnia† elementu Podmiot3 danymi nabywcy w roli ""5"" - wystawiaj¥cy faktur©.",,,,,,,,,2024.11.25 08:05:00
FA_3\6.Fa\13.Adnotacje\1.P_18\,.,Z,1,,"iif(at(""odwrotne"",lower(RV->PRZYR_NR))>0,""1"",""2"")",,"Adnotacja ""odwrotne obci¥¾enie"" W przypadku faktury zawieraj¥cej adnotacj© ""odwrotne obci¥¾enie"", dokumentuj¥cej dostaw© towar¢w lub wykonanie usˆugi, dla kt¢rych obowi¥zanym do rozliczenia podatku od warto˜ci dodanej lub podatku o podobnym charakterze jest nabywca towaru lub usˆugi - nale¾y poda† warto˜† ""1""; w przeciwnym przypadku - warto˜† ""2"". Uwaga! Pole P_18 dotyczy tak¾e przypadk¢w odwrotnego obci¥¾enia w obrocie krajowym: - w oparciu o art. 145e ustawy, w nawi¥zaniu do kt¢rego (zgodnie z art. 145g pkt 2 ustawy), faktura dokumentuj¥ca ww. czynno˜ci, powinna zawiera† wyrazy, o kt¢rych mowa w art. 106e ust. 1 pkt 18 ustawy tj. adnotacj© ""odwrotne obci¥¾enie - w oparciu o art. 17 ust. 1 pkt 7 lub pkt 8 ustawy, (obowi¥zuj¥cy przed 1 listopada 2019 r.).",,,,,,,,,2024.11.25 08:05:00
FA_3\6.Fa\13.Adnotacje\2.P_18A\,.,Z,1,,"iif(RV->MPP,""1"",""2"")",,"Adnotacja ""mechanizm podzielonej pˆatno˜ci"" W przypadku faktury zawieraj¥cej adnotacj© ""mechanizm podzielonej pˆatno˜ci"", w kt¢rej kwota nale¾no˜ci og¢ˆem przekracza kwot© 15.000 zˆ lub jej r¢wnowarto˜† wyra¾on¥ w walucie obcej, obejmuj¥cej dokonan¥ na rzecz podatnika dostaw© towar¢w lub ˜wiadczenie usˆug wymienionych w zaˆ¥czniku nr 15 do ustawy, przy czym do przeliczania na zˆote kwot wyra¾onych w walucie obcej stosuje si© zasady przeliczania kwot stosowane w celu okre˜lenia podstawy opodatkowania - nale¾y poda† warto˜† ""1""; w przeciwnym przypadku - warto˜† ""2"".",,,,,,,,,2024.11.25 08:05:00
FA_3\6.Fa\13.Adnotacje\3.Zwolnienie\,.,,,,,,Element zawieraj¥cy dane dotycz¥ce wyst¥pienia lub braku wyst¥pienia na fakturze sprzeda¾y zwolnionej oraz podstawy prawnej zastosowanego zwolnienia od podatku,,,,,,,,,2024.11.25 08:05:00
FA_3\6.Fa\13.Adnotacje\3.Zwolnienie\1.P_19\,.,,,,.F.,,"Znacznik dostawy towar¢w lub ˜wiadczenia usˆug zwolnionych od podatku na podstawie art. 43 ust. 1 ustawy, art. 113 ust. 1 i 9 ustawy albo przepis¢w wydanych na podstawie art. 82 ust. 3 ustawy lub na podstawie innych przepis¢w W przypadku faktury dokumentuj¥cej dostaw© towar¢w lub ˜wiadczenie usˆug zwolnionych od podatku na podstawie art. 43 ust. 1 ustawy, art. 113 ust. 1 i 9 ustawy albo przepis¢w wydanych na podstawie art. 82 ust. 3 ustawy lub na podstawie innych przepis¢w - nale¾y poda† warto˜† ""1"". W przypadku, gdy pole P_19 r¢wna si© ""1"", nale¾y wypeˆni† dodatkowo jedno z p¢l: P_19A, P_19B lub P_19C.",,,,,,,,,2024.11.25 08:05:00
FA_3\6.Fa\13.Adnotacje\3.Zwolnienie\2.P_19A\,.,,,,.F.,,"Je˜li pole P_19 r¢wna si© ""1"" - nale¾y wskaza† przepis ustawy albo aktu wydanego na podstawie ustawy, na podstawie kt¢rego podatnik stosuje zwolnienie od podatku. Przykˆad: ""Art. 43 ust. 1 pkt 37 ustawy o podatku od towar¢w i usˆug (Dz. U. z 2024 poz. 361 ze zm.)""",,,,,,,,,2024.11.25 08:05:00
FA_3\6.Fa\13.Adnotacje\3.Zwolnienie\2.P_19B\,.,,,,.F.,,"Je˜li pole P_19 r¢wna si© ""1"" - nale¾y wskaza† przepis dyrektywy 2006/112/WE, kt¢ry zwalnia od podatku tak¥ dostaw© towar¢w lub takie ˜wiadczenie usˆug.",,,,,,,,,2024.11.25 08:05:00
FA_3\6.Fa\13.Adnotacje\3.Zwolnienie\2.P_19C\,.,,,,.F.,,"Je˜li pole P_19 r¢wna si© ""1"" - nale¾y wskaza† inn¥ podstaw© prawn¥ wskazuj¥c¥ na to, ¾e dostawa towar¢w lub ˜wiadczenie usˆug korzysta ze zwolnienia od podatku.",,,,,,,,,2024.11.25 08:05:00
FA_3\6.Fa\13.Adnotacje\3.Zwolnienie\3.P_19N\,.,Z,1,,"""1""",,"Znacznik braku dostawy towar¢w lub ˜wiadczenia usˆug zwolnionych od podatku na podstawie art. 43 ust. 1, art. 113 ust. 1 i 9 ustawy albo przepis¢w wydanych na podstawie art. 82 ust. 3 ustawy lub na podstawie innych przepis¢w W przypadku faktury, kt¢ra nie dokumentuje dostawy towar¢w lub ˜wiadczenia usˆug zwolnionych od podatku na podstawie art. 43 ust. 1, art. 113 ust. 1 i 9 ustawy albo przepis¢w wydanych na podstawie art. 82 ust. 3 ustawy lub na podstawie innych przepis¢w, nale¾y poda† warto˜† ""1"". W przypadku, gdy pole P_19N r¢wna si© ""1"", pola: P_19, P_19A, P_19B, P_19C pomija si©.",,,,,,,,,2024.11.25 08:05:00
FA_3\6.Fa\13.Adnotacje\4.NoweSrodkiTransportu\,.,,,,,,Element zawieraj¥cy dane dotycz¥ce wyst¥pienia lub braku wyst¥pienia na fakturze wewn¥trzwsp¢lnotowej dostawy nowych ˜rodk¢w transportu oraz dane szczeg¢ˆowe charakteryzuj¥ce ww. nowe ˜rodki transportu,,,,,,,,,2024.11.25 08:05:00
FA_3\6.Fa\13.Adnotacje\4.NoweSrodkiTransportu\P_22N\,,Z,1,,"""1""",,"Znacznik braku wewn¥trzwsp¢lnotowej dostawy nowych ˜rodk¢w transportu W przypadku faktury, kt¢ra nie dokumentuje wewn¥trzwsp¢lnotowej dostawy nowych ˜rodk¢w transportu, nale¾y poda† warto˜† ""1"". W przypadku, gdy pole P_22N r¢wna si© ""1"", pola: P_22, P_42_5 oraz NowySrodekTransportu pomija si©.",,,,,,,,,2024.11.25 08:05:00
FA_3\6.Fa\13.Adnotacje\5.P_23\,.,Z,1,,"""2""",,"Adnotacja ""VAT: Faktura WE uproszczona na mocy art. 135-138 ustawy o ptu"" lub ""VAT: Faktura WE uproszczona na mocy artykuˆu 141 dyrektywy 2006/112/WE"" i stwierdzenie, ¾e podatek z tytuˆu dokonanej dostawy zostanie rozliczony przez ostatniego w kolejno˜ci podatnika podatku od warto˜ci dodanej W przypadku faktury wystawianej w procedurze uproszczonej przez drugiego w kolejno˜ci podatnika, o kt¢rym mowa w art. 135 ust. 1 pkt 4 lit. b i c oraz ust. 2 ustawy, zawieraj¥cej adnotacj©, o kt¢rej mowa w art. 136 ust. 1 pkt 1 ustawy i stwierdzenie, o kt¢rym mowa w art. 136 ust. 1 pkt 2 ustawy - nale¾y poda† warto˜† ""1""; w przeciwnym przypadku - warto˜† ""2"".",,,,,,,,,2024.11.25 08:05:00
FA_3\6.Fa\13.Adnotacje\6.PMarzy\,.,,,,,,Element zawieraj¥cy dane dotycz¥ce wyst¥pienia na fakturze procedury VAT mar¾a oraz adnotacje odnosz¥ce si© do ww. procedury,,,,,,,,,2024.11.25 08:05:00
FA_3\6.Fa\13.Adnotacje\6.PMarzy\P_PMarzyN\,.,Z,1,,"""1""",,"Znacznik braku wyst¥pienia procedur mar¾y, o kt¢rych mowa w art. 119 lub art. 120 ustawy W przypadku faktury, kt¢ra nie dokumentuje dostawy towar¢w lub ˜wiadczenia usˆug opodatkowanych w procedurze mar¾y, o kt¢rej mowa w art. 119 lub art. 120 ustawy, nale¾y poda† warto˜† ""1"". W przypadku wskazania ""1"" w polu P_PMarzyN (znajduj¥cej si© w sekwencji typu ""wyb¢r"") pola: P_PMarzy, P_PMarzy_2, P_PMarzy_3_1, P_PMarzy_3_2, P_PMarzy_3_3 pomija si©.",,,,,,,,,2024.11.25 08:05:00
FA_3\6.Fa\14.RodzajFaktury\,.,Z,10,,"iif(left(RV->RD,1)=='K','KOR','VAT')",,"Rodzaj faktury Podaje si©: - ""VAT"" - w przypadku faktury podstawowej, - ""KOR"" - w przypadku faktury koryguj¥cej, - ""ZAL"" - w przypadku faktury dokumentuj¥cej otrzymanie zapˆaty lub jej cz©˜ci przed dokonaniem czynno˜ci oraz w przypadku faktury wystawionej w zwi¥zku z art. 106f ust. 4 ustawy (faktura zaliczkowa), - ""ROZ"" - w przypadku faktury wystawionej w zwi¥zku z art. 106f ust. 3 ustawy, - ""UPR"" - w przypadku faktury, o kt¢rej mowa w art. 106e ust. 5 pkt 3 ustawy, - ""KOR_ZAL"" - w przypadku faktury koryguj¥cej faktur© dokumentuj¥c¥ otrzymanie zapˆaty lub jej cz©˜ci przed dokonaniem czynno˜ci oraz faktur© wystawion¥ w zwi¥zku z art. 106f ust. 4 ustawy (faktura koryguj¥ca faktur© zaliczkow¥), - ""KOR_ROZ"" - w przypadku faktury koryguj¥cej faktur© wystawion¥ w zwi¥zku z art. 106f ust. 3 ustawy. Uwaga! W przypadku wystawienia faktury koryguj¥cej do faktury uproszczonej, o kt¢rej mowa w art. 106e ust. 5 pkt 3 ustawy nale¾y wskaza† ""KOR"". Uwaga! Z dniem 1 wrze˜nia 2023 r. wszedˆ w ¾ycie art. 106b ust. 1a ustawy, w my˜l kt¢rego podatnik nie jest obowi¥zany do wystawienia faktury, o kt¢rej mowa w art. 106b ust. 1 pkt 4 ustawy, je¾eli caˆo˜† lub cz©˜† zapˆaty, o kt¢rej mowa w tym przepisie, otrzymaˆ w tym samym miesi¥cu, w kt¢rym dokonaˆ czynno˜ci, na poczet kt¢rych otrzymaˆ caˆo˜† lub cz©˜† tej zapˆaty. W przypadku niewystawienia przez podatnika faktury, o kt¢rej mowa w art. 106b ust. 1 pkt 4 ustawy, z powod¢w okre˜lonych w art. 106b ust. 1a, wystawiona przez podatnika po wydaniu towaru lub wykonaniu usˆugi faktura, zawieraj¥ca dodatkowo elementy wskazane w art. 106e ust. 1a ustawy, powinna posiada† oznaczenie ""ROZ"".",,,,,,,,,2024.11.25 08:05:00
FA_3\6.Fa\20.FaWiersz\,.,,0,1..99,"RVP->(dbseek(RV->NR_DOK+str(pozycja,3))).and.KTLG->(dbseek(RVP->KOD_TU))",,,,,,,,,,,2024.11.25 08:05:00
FA_3\6.Fa\20.FaWiersz\01.NrWierszaFa\,.,N,3,,RVP->LP,,"Kolejny numer wiersza faktury Podaje si© kolejny numer wiersza faktury. Przykˆad: W przypadku faktury dokumentuj¥cej sprzeda¾ dw¢ch r¢¾nych towar¢w, w przypadku pierwszej pozycji na fakturze pole NrWierszaFa r¢wna si© ""1"", a w przypadku drugiej pozycji na fakturze, pole NrWierszaFa r¢wna si© ""2"" (itd.).",,,,,,,,,2024.11.25 08:05:00
FA_3\6.Fa\20.FaWiersz\02.UU_ID\,.,,,,.F.,,"Uniwersalny unikalny numer wiersza faktury [pole fakultatywne] Pole tekstowe zawieraj¥ce uniwersalny, unikalny identyfikator danych, umo¾liwiaj¥cy jednoznaczne zidentyfikowanie wiersza faktury. Po¾¥dan¥ unikalno˜ci¥ pola UU_ID jest unikalno˜† w skali danego podatnika lub danego systemu wykorzystywanego przez danego podatnika.",,,,,,,,,2024.11.25 08:05:00
FA_3\6.Fa\20.FaWiersz\03.P_6A\,.,,,,.F.,,"Data dokonania lub zakoäczenia dostawy towar¢w lub wykonania usˆugi lub data otrzymania zapˆaty, o kt¢rej mowa w art. 106b ust. 1 pkt 4 ustawy, o ile taka data jest okre˜lona i r¢¾ni si© od daty wystawienia faktury [pole opcjonalne] Pole wypeˆnia si© w przypadku, gdy dla poszczeg¢lnych pozycji faktury wyst©puj¥ r¢¾ne daty. W przeciwnym przypadku pole pozostaje puste. Uwaga! W przypadku, gdy dla wszystkich wierszy faktury data jest wsp¢lna - wypeˆnia si© pole P_6 (element Fa).",,,,,,,,,2024.11.25 08:05:00
FA_3\6.Fa\20.FaWiersz\04.P_7\,.,Z,200,,"trim(KTLG->NAZWA)+"" ""+trim(KTLG->NAZWA_CD)",,"Nazwa (rodzaj) towaru lub usˆugi [pole opcjonalne] Pole nie jest wymagane wyˆ¥cznie dla przypadku okre˜lonego w art 106j ust. 3 pkt 2 ustawy, tj., gdy podatnik udziela opustu lub obni¾ki ceny i wystawia faktur© koryguj¥c¥, dotycz¥c¥ wszystkich dostaw towar¢w i ˜wiadczenia usˆug na rzecz jednego odbiorcy w danym okresie. Maksymalna ilo˜† znak¢w: 512",,,,,,,,,2024.11.25 08:05:00
FA_3\6.Fa\20.FaWiersz\05.Indeks\,.,,,,.F.,,"Pole przeznaczone do wpisania wewn©trznego kodu towaru lub usˆugi, nadanego przez podatnika albo dodatkowego opisu towaru lub usˆugi [pole fakultatywne] Maksymalna ilo˜† znak¢w: 50",,,,,,,,,2024.11.25 08:05:00
FA_3\6.Fa\20.FaWiersz\06.GTIN\,.,,,,.F.,,"Globalny Numer Jednostki Handlowej [pole fakultatywne] Podaje si© cyfrowy kod GTIN towaru lub usˆugi, kt¢rych sprzeda¾ jest dokumentowana faktur¥. GTIN to numer pozwalaj¥cy na identyfikacj© towar¢w i usˆug na caˆym ˜wiecie, jest to cyfrowy odpowiednik kodu EAN.",,,,,,,,,2024.11.25 08:05:00
FA_3\6.Fa\20.FaWiersz\07.PKWIU\,.,Z,0,,"iif(empty(KTLG->PKWIU), .F., KTLG->PKWIU)",,"Symbol Polskiej Klasyfikacji Wyrob¢w i Usˆug [pole fakultatywne] Obecnie na potrzeby podatku od towar¢w i usˆug, stosuje si© Polsk¥ Klasyfikacj© Wyrob¢w i Usˆug z 2015 r.",,,,,,,,,2024.11.25 08:05:00
FA_3\6.Fa\20.FaWiersz\08.CN\,.,Z,0,,.F.,,Symbol Nomenklatury Scalonej [pole fakultatywne] Podaje si© symbol Nomenklatury Scalonej CN.,,,,,,,,,2024.11.25 08:05:00
FA_3\6.Fa\20.FaWiersz\09.PKOB\,.,,,,.F.,,Symbol Polskiej Klasyfikacji Obiekt¢w Budowlanych [pole fakultatywne] Podaje si© symbol Polskiej Klasyfikacji Obiekt¢w Budowlanych.,,,,,,,,,2024.11.25 08:05:00
FA_3\6.Fa\20.FaWiersz\10.P_8A\,.,Z,3,,RVP->JM,,Miara dostarczonych towar¢w lub zakres wykonanych usˆug [pole opcjonalne] Pole nie jest wymagane dla przypadku okre˜lonego w art. 106e ust. 5 pkt 3 ustawy (faktura uproszczona do 450 zˆ).,,,,,,,,,2024.11.25 08:05:00
FA_3\6.Fa\20.FaWiersz\10.P_8B\,.,N,12.2,,RVP->IL,,Ilo˜† (liczba) dostarczonych towar¢w lub zakres wykonanych usˆug [pole opcjonalne] Pole nie jest wymagane dla przypadku okre˜lonego w art. 106e ust. 5 pkt 3 ustawy (faktura uproszczona do 450 zˆ).,,,,,,,,,2024.11.25 08:05:00
FA_3\6.Fa\20.FaWiersz\10.P_9A\,.,N,12.2,,"iif(!RVP->CB,RVP->CENA,RVP->NETTO/RVP->IL)",,"Cena jednostkowa towaru lub usˆugi bez kwoty podatku (cena jednostkowa netto) [pole opcjonalne] Pole nie jest wymagane dla przypadk¢w okre˜lonych w art. 106e ust. 2 i 3 oraz ust. 5 pkt 3 ustawy (tj.˜wiadczenie usˆug turystyki, dla kt¢rych podstaw© opodatkowania stanowi mar¾a zgodnie z art. 119 ustawy; dostawa towar¢w u¾ywanych, dzieˆ sztuki, przedmiot¢w kolekcjonerskich, antyk¢w, dla kt¢rych podstaw© opodatkowania stanowi mar¾a zgodnie z art. 120 ust. 4 i ust. 5 ustawy; faktura uproszczona do 450 zˆ). Maksymalna liczba miejsc po kropce: 8",,,,,,,,,2024.11.25 08:05:00
FA_3\6.Fa\20.FaWiersz\10.P_9B\,.,N,12.2,,"iif(RVP->CB,RVP->CENA,RVP->BRUTTO/RVP->IL)",,"Cena wraz z kwot¥ podatku (cena jednostkowa brutto) [pole opcjonalne] Pole dotyczy przypadku zastosowania art. 106e ust. 7 i 8 ustawy - tj. gdy kwot© podatku w odniesieniu do dostarczanych towar¢w lub ˜wiadczonych usˆug obj©tych dan¥ stawk¥ podatku podatnik oblicza wedˆug nast©puj¥cego wzoru: KP = WB x SP/100+SP gdzie KP - oznacza kwot© podatku, WB - oznacza warto˜† dostarczonych towar¢w lub wykonanych usˆug obj©tych stawk¥ podatku, uwzgl©dniaj¥c¥ kwot© podatku (warto˜† sprzeda¾y brutto), SP - oznacza stawk© podatku. Je¾eli podatnik oblicza kwot© podatku w powy¾szy spos¢b, zamiast ceny jednostkowej netto podatnik mo¾e wykazywa† na fakturze cen© wraz z kwot¥ podatku (cen© jednostkow¥ brutto), a zamiast warto˜ci sprzeda¾y netto - warto˜† sprzeda¾y brutto. Maksymalna liczba miejsc po kropce: 8",,,,,,,,,2024.11.25 08:05:00
FA_3\6.Fa\20.FaWiersz\15.P_10\,.,N,12.2,,.F.,,"Kwoty wszelkich opust¢w lub obni¾ek cen, w tym w formie rabatu z tytuˆu wcze˜niejszej zapˆaty, o ile nie zostaˆy one uwzgl©dnione w cenie jednostkowej netto, a w przypadku stosowania art. 106e ust. 7 ustawy w cenie jednostkowej brutto [pole opcjonalne] Pole nie jest wymagane dla przypadk¢w okre˜lonych w art. 106e ust. 2 i 3 oraz ust. 5 pkt 1 ustawy, tj.: ˜wiadczenie usˆug turystyki, dla kt¢rych podstaw© opodatkowania stanowi mar¾a zgodnie z art. 119 ustawy; dostawa towar¢w u¾ywanych, dzieˆ sztuki,przedmiot¢w kolekcjonerskich, antyk¢w, dla kt¢rych podstaw© opodatkowania stanowi mar¾a zgodnie z art. 120 ust. 4 i ust. 5 ustawy; dostawa towar¢w i ˜wiadczenie usˆug dokonywanych przez podatnika posiadaj¥cego na terytorium kraju siedzib© dziaˆalno˜ci gospodarczej lub staˆe miejsce prowadzenia dziaˆalno˜ci gospodarczej, z kt¢rego dokonywane s¥ te czynno˜ci, a w przypadku braku na terytorium kraju siedziby dziaˆalno˜ci gospodarczej oraz staˆego miejsca prowadzenia dziaˆalno˜ci gospodarczej - posiadaj¥cego na terytorium kraju staˆe miejsce zamieszkania albo zwykˆe miejsce pobytu, z kt¢rego dokonywane s¥ te czynno˜ci, w przypadku gdy miejscem ˜wiadczenia jest terytorium paästwa czˆonkowskiego inne ni¾ terytorium kraju, a osob¥ zobowi¥zan¥ do zapˆaty podatku od warto˜ci dodanej jest nabywca towaru lub usˆugobiorca i faktura dokumentuj¥ca te czynno˜ci nie jest wystawiana przez tego nabywc© lub usˆugobiorc© w imieniu i na rzecz podatnika. Maksymalna liczba miejsc po kropce: 8",,,,,,,,,2024.11.25 08:05:00
FA_3\6.Fa\20.FaWiersz\15.P_11\,.,N,12.2,,RVP->NETTO,,"Warto˜† dostarczonych towar¢w lub wykonanych usˆug, obj©tych transakcj¥, bez kwoty podatku (warto˜† sprzeda¾y netto) [pole opcjonalne] Pole nie jest wymagane dla przypadk¢w okre˜lonych w art. 106e ust. 2 i 3 oraz ust. 5 pkt 3 ustawy, tj. ˜wiadczenie usˆug turystyki, dla kt¢rych podstaw© opodatkowania stanowi mar¾a zgodnie z art. 119 ustawy; dostawa towar¢w u¾ywanych, dzieˆ sztuki, przedmiot¢w kolekcjonerskich, antyk¢w, dla kt¢rych podstaw© opodatkowania stanowi mar¾a zgodnie z art. 120 ust. 4 i ust. 5 ustawy; faktura uproszczona do 450 zˆ.",,,,,,,,,2024.11.25 08:05:00
FA_3\6.Fa\20.FaWiersz\16.P_11A\,.,N,12.2,,RVP->BRUTTO,,"Warto˜† sprzeda¾y brutto, w przypadku zastosowania art. 106e ust. 7 i 8 ustawy [pole opcjonalne] Pole dotyczy przypadku zastosowania art. 106e ust. 7 i 8 ustawy - tj., gdy kwot© podatku w odniesieniu do dostarczanych towar¢w lub ˜wiadczonych usˆug obj©tych dan¥ stawk¥ podatku podatnik oblicza wedˆug nast©puj¥cego wzoru: KP = WB x SP/100+SP gdzie KP - oznacza kwot© podatku,WB - oznacza warto˜† dostarczonych towar¢w lub wykonanych usˆug obj©tych stawk¥ podatku, uwzgl©dniaj¥c¥ kwot© podatku (warto˜† sprzeda¾y brutto), SP - oznacza stawk© podatku. Je¾eli podatnik oblicza kwot© podatku w powy¾szy spos¢b, zamiast ceny jednostkowej netto podatnik mo¾e wykazywa† na fakturze cen© wraz z kwot¥ podatku (cen© jednostkow¥ brutto), a zamiast warto˜ci sprzeda¾y netto - warto˜† sprzeda¾y brutto.",,,,,,,,,2024.11.25 08:05:00
FA_3\6.Fa\20.FaWiersz\17.P_11Vat\,.,N,12.2,,.F.,,"Kwota podatku w przypadku, o kt¢rym mowa w art. 106e ust. 10 ustawy [pole opcjonalne] Zgodnie z art. 106e ust. 10 ustawy podatnik mo¾e okre˜li† na fakturze r¢wnie¾ kwoty podatku dotycz¥ce warto˜ci poszczeg¢lnych dostarczonych towar¢w i wykonanych usˆug wykazanych w tej fakturze; w tym przypadku ˆ¥czna kwota podatku mo¾e by† ustalona w wyniku podsumowania jednostkowych kwot podatku.",,,,,,,,,2024.11.25 08:05:00
FA_3\6.Fa\20.FaWiersz\18.P_12\,.,Z,2,,RVP->SV,,"Stawka podatku [pole opcjonalne]: - ""23"" - w przypadku stawki 23% - ""22"" - w przypadku stawki 22% - ""8"" - w przypadku stawki 8% - ""7""- w przypadku stawki 7% - ""5"" - w przypadku stawki 5% - ""4"" - w przypadku stawki 4% - ""3"" - w przypadku stawki 3% - ""0 KR"" - w przypadku stawki 0% dla sprzeda¾y towar¢w i ˜wiadczenia usˆug na terytorium kraju (z wyˆ¥czeniem WDT i eksportu) - ""0 WDT"" - w przypadku stawki 0% dla wewn¥trzwsp¢lnotowej dostawy towar¢w - ""0 EX"" - w przypadku stawki 0% dla eksportu towar¢w - ""zw"" - w przypadku zwolnienia od podatku - ""oo"" - w przypadku odwrotnego obci¥¾enia w obrocie krajowym - ""np I"" - w przypadku niepodlegaj¥cych opodatkowaniu dostaw towar¢w oraz ˜wiadczenia usˆug poza terytorium kraju, z wyˆ¥czeniem transakcji, o kt¢rych mowa w art. 100 ust. 1 pkt 4 ustawy oraz OSS - ""np II"" - w przypadku niepodlegaj¥cego opodatkowaniu na terytorium kraju, ˜wiadczenia usˆug o kt¢rych mowa w art. 100 ust. 1 pkt 4 ustawy.",,,,,,,,,2024.11.25 08:05:00
FA_3\6.Fa\20.FaWiersz\19.P_12_XII\,.,Z,2,,.F.,,"Stawka podatku od warto˜ci dodanej w przypadku, o kt¢rym mowa w dziale XII w rozdziale 6a ustawy [pole opcjonalne] Podaje si© stawk© podatku od warto˜ci dodanej w przypadku wystawienia faktury dokumentuj¥cej czynno˜ci realizowane przez podatnika zidentyfikowanego na terytorium kraju do procedury unijnej OSS. Na stronie Komisji Europejskiej dost©pna jest Baza stawek podatkowych w innych krajach UE.",,,,,,,,,2024.11.25 08:05:00
FA_3\6.Fa\20.FaWiersz\20.P_12_Zal_15\,.,,,,.F.,,"Znacznik dla towaru lub usˆugi wymienionych w zaˆ¥czniku nr 15 do ustawy [pole fakultatywne] W przypadku sprzeda¾y towaru lub usˆugi wymienionych w zaˆ¥czniku nr 15 do ustawy (niezale¾nie czy transakcja podlega obowi¥zkowemu mechanizmowi podzielonej pˆatno˜ci czy nie podlega) podaje si© warto˜† ""1"".",,,,,,,,,2024.11.25 08:05:00
FA_3\6.Fa\20.FaWiersz\21.KwotaAkcyzy\,.,,,,.F.,,Kwota podatku akcyzowego zawarta w cenie towaru [pole fakultatywne] Zgodnie z art. 10 ust. 12 ustawy z dnia 6 grudnia 2008 r. o podatku akcyzowym4 na ¾¥danie nabywcy podatnik akcyzy wykazuje w fakturze lub o˜wiadczeniu zaˆ¥czanym do faktury kwot© akcyzy zawart¥ w cenie wyrob¢w akcyzowych wykazanych w tej fakturze.,,,,,,,,,2024.11.25 08:05:00
FA_3\6.Fa\20.FaWiersz\22.GTU\,.,Z,7,,"iif(left(RVP->JPK_VAT, 4) == ""GTU_"", RVP->JPK_VAT, .F.)",,"Oznaczenie dotycz¥ce dostawy towaru i ˜wiadczenia usˆug [pole fakultatywne] Podaje si©: - ""GTU_01"" - w przypadku dostawy towar¢w, o kt¢rych mowa w õ 10 ust. 3 pkt 1 lit. a rozporz¥dzenia w sprawie JPK_VAT z deklaracj¥. Symbol ""GTU_01"" oznacza dostaw© napoj¢w alkoholowych o zawarto˜ci alkoholu powy¾ej 1,2%, piwa oraz napoj¢w alkoholowych b©d¥cych mieszanin¥ piwa i napoj¢w bezalkoholowych, w kt¢rych zawarto˜† alkoholu przekracza 0,5% (CN od 2203 do 2208). - ""GTU_02"" - w przypadku dostawy towar¢w, o kt¢rych mowa w õ 10 ust. 3 pkt 1 lit. b rozporz¥dzenia w sprawie JPK_VAT z deklaracj¥. Symbol ""GTU_02"" oznacza dostaw© towar¢w, o kt¢rych mowa w art. 103 ust. 5aa ustawy. - ""GTU_03"" - w przypadku dostawy towar¢w, o kt¢rych mowa w õ 10 ust. 3 pkt 1 lit. c rozporz¥dzenia w sprawie JPK_VAT z deklaracj¥. Symbol ""GTU_03"" oznacza dostaw© olej¢w opaˆowych nieuj©tych w õ 10 ust. 3 pkt 1 lit. b, olej¢w smarowych i pozostaˆych olej¢w (CN od 2710 19 71 do 2710 19 83 i CN od 2710 19 87 do 2710 19 99, z wyˆ¥czeniem smar¢w plastycznych zaliczonych do kodu CN 2710 19 99), olej¢w smarowych (CN 2710 20 90) oraz preparat¢w smarowych (CN 3403, z wyˆ¥czeniem smar¢w plastycznych obj©tych t¥ pozycj¥).",,,,,,,,,2026.03.01 20:05:00
FA_3\6.Fa\20.FaWiersz\23.Procedura\,.,Z,0,,"iif(!empty(RVP->JPK_VAT) .and. left(RVP->JPK_VAT,4) <> ""GTU_"", RVP->JPK_VAT, .F.)",,"Oznaczenie procedury dotycz¥cej dostarczanego towaru lub ˜wiadczonej usˆugi [pole fakultatywne] Podaje si©: - ""WSTO_EE"" - w przypadku procedury, o kt¢rej mowa w õ 10 ust. 4 pkt 2a rozporz¥dzenia w sprawie JPK_VAT z deklaracj¥. Symbol ""WSTO_EE"" oznacza wewn¥trzwsp¢lnotow¥ sprzeda¾ na odlegˆo˜† towar¢w, kt¢re w momencie rozpocz©cia ich wysyˆki lub transportu znajduj¥ si© na terytorium kraju, oraz ˜wiadczenie usˆug telekomunikacyjnych, nadawczych i elektronicznych, o kt¢rych mowa w art. 28k ustawy, na rzecz podmiot¢w nieb©d¥cych podatnikami, posiadaj¥cych siedzib©, staˆe miejsce zamieszkania lub miejsce pobytu na terytorium paästwa czˆonkowskiego innym ni¾ terytorium kraju. - ""IED"" - w przypadku procedury, o kt¢rej mowa w õ 10 ust. 4 pkt 2b rozporz¥dzenia w sprawie JPK_VAT z deklaracj¥. Symbol ""IED"" oznacza dostaw© towar¢w, o kt¢rej mowa w art. 7a ust. 1 i 2 ustawy, dokonan¥ przez podatnika uˆatwiaj¥cego t© dostaw©, kt¢ry nie korzysta z procedury szczeg¢lnej, o kt¢rej mowa w dziale XII w rozdziale 6a lub 9 ustawy lub w odpowiadaj¥cych im regulacjach, dla kt¢rej miejscem dostawy jest terytorium kraju. - ""TT_D"" - w przypadku procedury, o kt¢rej mowa w õ 10 ust. 4 pkt 5 rozporz¥dzenia w sprawie JPK_VAT z deklaracj¥.",,,,,,,,,2026.03.01 20:05:00
FA_3\6.Fa\20.FaWiersz\24.KursWaluty\,.,,,,.F.,,"Kurs waluty stosowany do wyliczenia kwoty podatku w przypadkach, o kt¢rych mowa w dziale VI ustawy [pole fakultatywne] W przypadku, gdy kwoty stosowane do okre˜lenia podstawy opodatkowania s¥ okre˜lone w walucie obcej, podaje si© kurs waluty wˆa˜ciwy dla danego wiersza faktury.",,,,,,,,,2024.11.25 08:05:00
FA_3\6.Fa\20.FaWiersz\25.StanPrzed\,.,,,,.F.,,"Znacznik stanu przed korekt¥ w przypadku faktury koryguj¥cej lub faktury koryguj¥cej faktur© wystawion¥ w zwi¥zku z art. 106f ust. 3 ustawy, w przypadku, gdy korekta dotyczy danych wykazanych w pozycjach faktury i jest dokonywana w spos¢b polegaj¥cy na wykazaniu danych przed korekt¥ i po korekcie jako osobnych wierszy z odr©bn¥ numeracj¥ oraz w przypadku potwierdzania braku zmiany warto˜ci danej pozycji [pole fakultatywne] Podaje si© ""1"" w przypadku, gdy dany wiersz faktury dotyczy stanu przed korekt¥.",,,,,,,,,2024.11.25 08:05:00
FA_3\7.Stopka\,,,,,.F.,,"Zawiera pozostaˆe informacje na fakturze. m.in. stopk© faktury, numer KRS, REGON [element fakultatywny].",,,,O,,,,,2024.11.25 08:05:00
FA_3\7.Stopka\1.Informacje\,,,,,.F.,,Element zawieraj¥cy pozostaˆe dane na fakturze (stopk© faktury) [element fakultatywny] Maksymalna ilo˜† wyst¥pieä: 3,,,,,,,,,
FA_3\7.Stopka\1.Informacje\StopkaFaktury\,.,Z,0,,.F.,,"Pole zawieraj¥ce pozostaˆe dane na fakturze [pole fakultatywne] W stopce faktury mo¾na zawrze† np. podzi©kowanie za zakup, zach©t© do dalszej wsp¢ˆpracy, kod rabatowy do wykorzystania przy okazji kolejnych zakup¢w, godziny otwarcia punktu sprzeda¾y, godziny pracy infolinii/punktu obsˆugi klienta, link (wyˆ¥cznie w formie tekstowej) do formularza zwrotu towaru, link (wyˆ¥cznie w formie tekstowej) do formularza reklamacyjnego, informacje marketingowe, klauzul© RODO, warto˜† kapitaˆu zakˆadowego itp. Maksymalna ilo˜† znak¢w: 3500",,,,,,,,,
FA_3\7.Stopka\2.Rejestry\,,,,,.F.,,Element zawieraj¥cy numery podmiotu lub grupy podmiot¢w w innych rejestrach i bazach danych [element fakultatywny] Maksymalna ilo˜† wyst¥pieä: 100,,,,,,,,,
FA_3\7.Stopka\2.Rejestry\1.PelnaNazwa\,,Z,0,,.F.,,"Peˆna nazwa podmiotu, dla kt¢rego wskazano numer w polu KRS/REGON/BDO [pole fakultatywne]",,,,,,,,,
FA_3\7.Stopka\2.Rejestry\2.KRS\,,Z,0,,.F.,,"Numer KRS [pole fakultatywne] Numer KRS jest to numer w Krajowym Rejestrze S¥dowym. Krajowy Rejestr S¥dowy jest scentralizowan¥, informatyczn¥ baz¥ danych skˆadaj¥c¥ si© z trzech osobnych rejestr¢w: - rejestru przedsi©biorc¢w, - rejestru stowarzyszeä, innych organizacji spoˆecznych i zawodowych, fundacji oraz publicznych zakˆad¢w opieki zdrowotnej, - rejestru dˆu¾nik¢w niewypˆacalnych.13",,,,,,,,,
FA_3\7.Stopka\2.Rejestry\3.REGON\,,Z,0,,.F.,,"Numer REGON [pole fakultatywne] Numer REGON jest to niepowtarzalny numer nadawany podmiotom gospodarki narodowej i jednostkom lokalnym tych podmiot¢w w krajowym rejestrze urz©dowym podmiot¢w gospodarki narodowej REGON, niemaj¥cy ukrytego lub jawnego charakteru znacz¥cego, okre˜laj¥cego cechy podmiotu.",,,,,,,,,
FA_3\7.Stopka\2.Rejestry\4.BDO\,,Z,0,,.F.,,"Numer BDO [pole fakultatywne] Numer BDO jest to numer rejestrowy w Bazie Danych o Odpadach. Rejestr BDO jest to rejestr podmiot¢w wprowadzaj¥cych na rynek produkty, produkty w opakowaniach i gospodaruj¥cych odpadami.",,,,,,,,,
FA_3\8.Zalacznik\,,,,,.F.,,Zawiera zaˆ¥cznik do faktury dotycz¥cej czynno˜ci o zˆo¾onej liczbie danych w zakresie jednostek miary i ilo˜ci (liczby) dostarczanych towar¢w lub wykonywanych usˆug lub cen jednostkowych netto [element fakultatywny].,,,,O,,,,,2024.11.25 08:05:00
